AgeBand,TotalAmount,AvgAmount,Transactions
18-24,562640.08,4262.424848484849,132
25-34,471703.98,3834.991707317073,123
35-44,854448.9,3955.7819444444444,216
45-54,905087.2,3835.115254237288,236
55-64,571848.58,3596.5319496855345,159
65+,515807.74,3849.3114925373134,134
