SpendCategory,TotalAmount,AvgAmount,Transactions
High (>5000),2150719.92,10917.359999999999,197
Medium (1000-5000),1616892.97,2546.2881417322833,635
Low (<1000),113923.59,678.1166071428571,168
